/*
SQLyog 企业版 - MySQL GUI v8.14 
MySQL - 5.5.40 : Database - animal
*********************************************************************
*/

/*!40101 SET NAMES utf8 */;

/*!40101 SET SQL_MODE=''*/;

/*!40014 SET @OLD_UNIQUE_CHECKS=@@UNIQUE_CHECKS, UNIQUE_CHECKS=0 */;
/*!40014 SET @OLD_FOREIGN_KEY_CHECKS=@@FOREIGN_KEY_CHECKS, FOREIGN_KEY_CHECKS=0 */;
/*!40101 SET @OLD_SQL_MODE=@@SQL_MODE, SQL_MODE='NO_AUTO_VALUE_ON_ZERO' */;
/*!40111 SET @OLD_SQL_NOTES=@@SQL_NOTES, SQL_NOTES=0 */;
CREATE DATABASE /*!32312 IF NOT EXISTS*/`animal` /*!40100 DEFAULT CHARACTER SET utf8 COLLATE utf8_roman_ci */;

USE `animal`;

/*Table structure for table `actuality` */

DROP TABLE IF EXISTS `actuality`;

CREATE TABLE `actuality` (
  `actuality_id` int(4) NOT NULL COMMENT '现状id',
  `actuality_name` varchar(255) COLLATE utf8_unicode_ci DEFAULT NULL COMMENT '保护现状',
  PRIMARY KEY (`actuality_id`) USING BTREE
) ENGINE=InnoDB DEFAULT CHARSET=utf8 COLLATE=utf8_unicode_ci ROW_FORMAT=COMPACT;

/*Data for the table `actuality` */

insert  into `actuality`(`actuality_id`,`actuality_name`) values (1,'灭绝'),(2,'野外灭绝'),(3,'极危'),(4,'濒危'),(5,'易危'),(6,'近危'),(7,'无危');

/*Table structure for table `animal` */

DROP TABLE IF EXISTS `animal`;

CREATE TABLE `animal` (
  `name` varchar(255) COLLATE utf8_unicode_ci DEFAULT NULL COMMENT '中文名称',
  `name_en` varchar(255) COLLATE utf8_unicode_ci DEFAULT NULL COMMENT '英文名称',
  `details_id` int(11) DEFAULT NULL COMMENT '动物介绍信息id',
  `image_path` varchar(255) COLLATE utf8_unicode_ci DEFAULT NULL COMMENT '图片路径',
  `country_id` int(4) DEFAULT NULL COMMENT '国家id',
  `species_id` int(4) DEFAULT NULL COMMENT '种类id',
  `geography_id` int(4) DEFAULT NULL COMMENT '地理id',
  `environment_id` int(4) DEFAULT NULL COMMENT '环境id',
  `actuality_id` int(4) DEFAULT NULL COMMENT '现状id',
  `information_id` int(4) DEFAULT NULL COMMENT '动物详细信息id',
  KEY `FK_animal` (`actuality_id`) USING BTREE,
  KEY `FK_animal1` (`country_id`) USING BTREE,
  KEY `FK_animal2` (`environment_id`) USING BTREE,
  KEY `FK_animal3` (`geography_id`) USING BTREE,
  KEY `FK_animal4` (`information_id`) USING BTREE,
  KEY `FK_animal5` (`species_id`) USING BTREE,
  KEY `details_id` (`details_id`) USING BTREE,
  CONSTRAINT `FK_animal5` FOREIGN KEY (`species_id`) REFERENCES `species` (`species_id`) ON DELETE SET NULL,
  CONSTRAINT `FK_animal` FOREIGN KEY (`actuality_id`) REFERENCES `actuality` (`actuality_id`) ON DELETE SET NULL,
  CONSTRAINT `FK_animal1` FOREIGN KEY (`country_id`) REFERENCES `country` (`country_id`) ON DELETE SET NULL,
  CONSTRAINT `FK_animal2` FOREIGN KEY (`environment_id`) REFERENCES `environment` (`environment_id`) ON DELETE SET NULL,
  CONSTRAINT `FK_animal3` FOREIGN KEY (`geography_id`) REFERENCES `geography` (`geography_id`) ON DELETE SET NULL,
  CONSTRAINT `FK_animal4` FOREIGN KEY (`information_id`) REFERENCES `information` (`information_id`) ON DELETE SET NULL,
  CONSTRAINT `animal_ibfk_1` FOREIGN KEY (`details_id`) REFERENCES `details` (`id`) ON DELETE SET NULL
) ENGINE=InnoDB DEFAULT CHARSET=utf8 COLLATE=utf8_unicode_ci ROW_FORMAT=COMPACT;

/*Data for the table `animal` */

insert  into `animal`(`name`,`name_en`,`details_id`,`image_path`,`country_id`,`species_id`,`geography_id`,`environment_id`,`actuality_id`,`information_id`) values ('熊狸','Binturong',1,'1',1,1,1,1,7,1),('泽鹿','Barasingha',2,NULL,2,1,1,2,5,2),('野猪','Wild boar',3,NULL,3,1,1,2,7,3),('兔狲','Pallas\'s cat',4,NULL,4,1,1,2,6,4),('蜜熊','Kinkajou',5,NULL,5,1,1,2,7,5),('斯里兰卡象','Sri Lankan elephantSri Lankan elephantSri Lankan elephant',6,NULL,6,1,1,2,4,6),('婆罗洲象','Borneo elephant',7,NULL,7,1,1,2,4,7),('南露脊鲸','Southern right whale',8,NULL,8,1,1,2,7,8),('伪虎鲸','False killer whale',9,NULL,9,1,1,2,NULL,9),('豺','Dhol',10,NULL,10,1,1,2,4,10),('胡兀鹫','Bearded vulture',11,NULL,11,2,2,3,7,11),('红背细尾鹩莺','Red-backed Fairy-wren',12,NULL,12,2,2,3,7,12),('鲸头鹳','Shoebill',13,NULL,13,2,2,3,5,13),('绿孔雀','Green peafowl',14,NULL,14,2,2,3,4,14),('中华秋沙鸭','Chinese merganser',15,NULL,15,2,2,2,4,15),('黑长尾雉','Mikado pheasant',16,NULL,16,2,2,2,6,16),('蓝鹇','Swinhoe的野鸡',17,NULL,17,2,2,3,6,17),('白肩雕','Eastern imperial eagle',18,NULL,18,2,2,2,5,18),('白颊鹎','Himalayan Bulbul',19,NULL,19,2,2,2,7,19),('非洲羽须鹎','Common Bulbul',20,NULL,20,2,2,2,7,20),('突角鼻鱼','Whitemargin unicornfish',21,NULL,21,3,3,3,NULL,21),('印尼栉齿刺尾鱼','Tomini bristletooth',22,NULL,22,3,3,3,7,22),('扁体栉齿刺尾鱼','Spotted surgeonfish',23,NULL,23,3,3,3,NULL,23),('栉齿刺尾鱼','Striped Bristletooth',24,NULL,24,3,3,3,NULL,24),('夏威夷栉齿刺尾鱼','Chevron tang',25,NULL,25,3,3,3,NULL,25),('双斑栉齿刺尾鱼','Twospot surgeonfish',26,NULL,26,3,3,3,7,26),('黄翼刺尾鱼','Yellowfin surgeonfish',27,NULL,27,3,3,3,NULL,27),('横带刺尾鱼','Fiveband surgeonfish',28,NULL,28,3,3,3,NULL,28),('坦氏刺尾鱼','Doubleband Surgeonfish',29,NULL,29,3,3,3,NULL,29),('黑鳃刺尾鱼','Chocolate surgeonfish',30,NULL,30,3,3,3,7,30),('环纹钝口螈','Ringed Salamander',31,NULL,31,4,4,4,7,31),('安氏钝口螈','Achoque',32,NULL,32,4,4,4,3,32),('美洲大鲵','Hellbender',33,NULL,33,4,4,4,3,33),('日本大鲵','Japanese Giant Salamander',34,NULL,34,4,4,4,3,34),('阿山箭毒蛙','Rana venenosa',35,NULL,35,4,4,4,NULL,35),('网纹钝口螈','Flatwoods salamander',36,NULL,36,4,4,4,5,36),('安哥拉河蛙','Common river frog',37,NULL,37,4,4,4,7,37),('高加索蟾蜍','Caucasian toad',38,NULL,38,4,4,4,4,38),('紫莓蝾螈','Berry cave salamander',39,NULL,39,4,4,4,4,39),('安南树蛙','Annam flying frog',40,NULL,40,4,4,4,3,40),('印度眼镜蛇','Indian cobra',41,NULL,41,5,5,5,NULL,41),('西部带蛇','Western ribbon snake',42,NULL,42,5,5,5,7,42),('泰国眼镜蛇','Indochinese spitting cobra',43,NULL,43,5,5,5,4,43),('木纹响尾蛇','Timber rattlesnake',44,NULL,44,5,5,5,7,44),('菲律宾眼镜蛇','Philippine cobra',45,NULL,45,5,5,5,3,45),('伊波Tategami蜥','南印度岩蜥',46,NULL,46,5,5,5,7,46),('黄金眼镜蛇','Yellow cobra',47,NULL,47,5,5,5,NULL,47),('红射毒眼镜蛇','Red spitting cobra',48,NULL,48,5,5,5,NULL,48),('斯基罗斯壁蜥','Skyros wall lizard',49,NULL,49,5,5,5,3,49),('圣埃斯特万岛黑叩壁蜥','San Esteban Island chuckwalla',50,NULL,50,5,5,5,4,50);

/*Table structure for table `country` */

DROP TABLE IF EXISTS `country`;

CREATE TABLE `country` (
  `country_id` int(4) NOT NULL COMMENT '国家id',
  `country_name` varchar(255) COLLATE utf8_unicode_ci DEFAULT NULL COMMENT '国家名称',
  PRIMARY KEY (`country_id`) USING BTREE
) ENGINE=InnoDB DEFAULT CHARSET=utf8 COLLATE=utf8_unicode_ci ROW_FORMAT=COMPACT;

/*Data for the table `country` */

insert  into `country`(`country_id`,`country_name`) values (1,'亚洲南部'),(2,'印度，尼泊尔'),(3,'欧亚大陆、北非'),(4,' 亚洲中部'),(5,'中美洲、南美洲'),(6,'斯里兰卡'),(7,'马来半岛'),(8,'南半球的南部海域'),(9,'温带及热带海域'),(10,'亚洲'),(11,'亚洲、欧洲、非洲'),(12,'澳大利亚'),(13,'非洲东部'),(14,'东南亚'),(15,'亚洲'),(16,'中国台湾'),(17,'中国台湾'),(18,'欧洲、亚洲、非洲'),(19,' 亚洲西南部'),(20,'非洲'),(21,'印度洋-太平洋区'),(22,' 西太平洋区'),(23,'中东太平洋'),(24,'印度-太平洋区'),(25,'热带太平洋'),(26,'印度-太平洋区'),(27,'印度-太平洋区'),(28,'印度-太平洋区'),(29,'印度洋区'),(30,'印度-太平洋区'),(31,'美国'),(32,'墨西哥'),(33,'美国'),(34,'日本'),(35,'秘鲁'),(36,'美国东南沿海'),(37,'非洲东部和南部'),(38,'西亚、东欧'),(39,'美国'),(40,' 越南、柬埔寨'),(41,' 南亚'),(42,'北美洲、中美洲'),(43,'东南亚'),(44,'美国东部'),(45,'菲律宾'),(46,'印度南部'),(47,'非洲南部'),(48,'非洲'),(49,' 希腊'),(50,'墨西哥');

/*Table structure for table `details` */

DROP TABLE IF EXISTS `details`;

CREATE TABLE `details` (
  `id` int(11) NOT NULL AUTO_INCREMENT,
  `summary_info1` varchar(255) COLLATE utf8_unicode_ci DEFAULT NULL,
  `summary_info2` varchar(255) COLLATE utf8_unicode_ci DEFAULT NULL,
  `description_info` varchar(255) COLLATE utf8_unicode_ci DEFAULT NULL,
  `habit_info` varchar(255) COLLATE utf8_unicode_ci DEFAULT NULL,
  `gb_info` varchar(255) COLLATE utf8_unicode_ci DEFAULT NULL,
  `distribution_info` varchar(255) COLLATE utf8_unicode_ci DEFAULT NULL,
  `living_info` varchar(255) COLLATE utf8_unicode_ci DEFAULT NULL,
  PRIMARY KEY (`id`) USING BTREE
) ENGINE=InnoDB AUTO_INCREMENT=51 DEFAULT CHARSET=utf8 COLLATE=utf8_unicode_ci ROW_FORMAT=COMPACT;

/*Data for the table `details` */

insert  into `details`(`id`,`summary_info1`,`summary_info2`,`description_info`,`habit_info`,`gb_info`,`distribution_info`,`living_info`) values (1,'中文名：熊狸（拼音：xióng lí）；\r\n英文名：Binturong；\r\n学名：Arctictis binturong。\r\n熊狸，是一种灵猫科动物，生活在雨林里，长年在树上活动。主食果子，也取食鸟卵、嫩叶、啮齿动物和小鸟。仍然如同熊一样，熊狸是一种归入食肉目的杂食动物。人工饲养下熊狸能活20年，最高记录26年。\r\n世界自然保护联盟红色名录列为：无危（LC）','体长:95-125厘米\r\n\r\n身高:\r\n\r\n体重:5-7公斤\r\n\r\n生命:\r\n\r\n食性:主要以裸骨为食\r\n\r\n繁殖:每窝产卵通常2枚\r\n\r\n习性:\r\n\r\n分布:亚洲、欧洲、非洲','熊狸身长为60-95厘米，重9-14公斤。尾巴的长度几乎等同于躯干的长度。 熊狸是灵猫科中体形第二大的种类，雌性体形比雄性大出20％。同时，熊狸也是灵猫科中唯一长素色皮毛的动物，其他灵猫科成员一般都带斑纹。另外，熊狸也是灵猫类中唯一尾巴有抓握功能的动物。它的尾巴长有蓬松粗糙的毛，具有抓握功能，能起到第五只手的功能。实际上，只有两种食肉目动物的尾巴有此功能，熊狸是其中之一。而且在东半球，熊狸还是唯一尾巴有抓握功能的哺乳动物。熊狸长小圆耳，小眼睛。虽然属于食肉目，但是犬齿不发达，切齿也不如其他食肉类那么特化。','熊狸是一种夜行动物，白天在树上睡觉，晚上出来活动。会爬树，能在树枝间跳跃攀爬寻找食物，同时用尾巴缠绕树枝协助维持平衡。它们的后肢能往后弯曲很大的角度，便于头朝下从树上爬下来。熊狸用位于尾部的嗅腺在树上蹭擦来标记领土，与同类进行嗅觉交流，在树上爬的时候，会留下一道道的嗅痕。熊狸嗅腺分泌的物质气味常常被形容为“类似热爆米花”。在受威胁的时候会变得异常凶猛，而在开心的时候会发出咯咯笑的声音。\r\n熊狸主食果子，也取食鸟卵、嫩叶、啮齿动物和小鸟。仍然如同熊一样，熊狸是一种归入食肉目的杂食动物。','熊狸孕期为91天左右，每次产仔2-6只，幼仔1岁性成熟。人工饲养下熊狸能活20年，最高记录26年。在同等体形的动物中已经算是高寿了。','熊狸分布于东南亚、越南、婆罗洲、马来西亚、印尼、菲律宾等。中国云南也有分布。因为砍伐森林行为严重破坏了它们的栖息地，加上偷猎使其数量骤减。在很多国家熊狸现在已经处于濒危状态。','\"\"'),(2,'中文名：泽鹿（拼音：zé lù）；','体长:','泽鹿，雄性肩高110-140厘米，重量170-180公斤；雌性重量130-145公斤。 泽鹿在夏季的体色为浅红色或浅黄褐色，上有白色斑点，与梅花鹿有点相象。到了冬季，泽鹿的体毛会逐渐加厚，特别是在颈部，体色也变成褐色，身上的斑点也不那么明显了。 雄性鹿角在弯前长75厘米，周围长13厘米。最大的鹿角在弯前长104.1厘米。雌性无角。','泽鹿在北方邦，它们只栖息在沼泽。在中央邦，它们栖息在近森林的草原。它们在早上及晚上觅食。它们较水鹿少在夜间活动。当受到骚扰时，它们会发出尖锐的叫声。群居，平均成员数量为8-20头，最多可达60头。在发情期时，它们会组成很大的群族。','泽鹿的繁殖期是在9月至4月份，妊娠期为240-250日。每胎会产一只幼鹿。饲养的泽鹿寿命可达23岁','泽鹿分布在印度河、恒河及雅鲁藏布江盆地，与及印度中部至哥达瓦里河。发现的骨头可以追溯至1000年前。不过，它们今天已从西方分布地消失。','于1964年，估计它们在印度的数量有3000-4000头。 在印度中部，泽鹿只在甘哈国家公园存活。其数量由1950年代早期的3000头，10年内下降至少于100头。到了1970年，就只余下少于66头。泽鹿消失的原因是被猎杀、烹食及失去栖息地。 泽鹿与印度黑羚及印度大蓝羚于100年前都被引入到德克萨斯州的狩猎场。现有要求将它们重新引入到印度它们接近灭绝的地方。'),(3,'中文名：野猪（拼音：yě zhū）；','体长:1.5-2米','野猪平均体长为1.5-2米（不包括尾长），肩高90厘米左右，体重90-200千克，不同地区所产的大小也有不同。有些地区野猪的体重可达200千克以上，中国东北南部与俄罗斯远东地区产的野猪体重甚至达到将近400千克。 野猪的体型粗壮，头部较大，四肢短粗。毛色呈深褐色或黑色，年老的背上会长白毛，但也有地区性差异，在中亚地区曾有白色的野猪出现。幼猪的毛色为浅棕色，有黑色条纹。背上有长而硬的鬃毛。毛粗而稀，冬天的毛会长得较密。雄性野猪有两对不断生长的犬齿，可以用来作为武器或挖掘工具，犬齿平均长6厘米，其中3厘米露出','野猪群一般有20只，也曾有超过50只。一般的野猪群有2-3只母猪与一群幼猪，公猪只在发情期才会加入猪群。野猪为了躲避天敌，白天通常不会出来走动。它们的食物来源很广泛，包括草、果实、坚果、根、昆虫、鸟蛋、大家鼠、腐肉，甚至也会吃野兔和鹿崽等。当受到威胁时，公猪会用獠牙来保护自己，没有獠牙的母猪会咬对方。虽然并非致命的，但这样的攻击会导致严重创伤。','雌性野猪一胎能产8-12只幼猪。','野猪曾广布于欧亚大陆及北非地区，西至西班牙与摩洛哥，东至日本，北至北欧地区与西伯利亚，南至印度尼西亚、印度与苏丹。栖息环境跨越温带与热带，从半干旱气候至热带雨林、温带林地、草原等都有其踪迹，也经常闯入农地觅食，但就是没有在极干旱，海拔极高，与极寒冷的地区出没。除了青藏高原与戈壁沙漠外，它们广布在中国境内。','在近几世纪，野猪的活动领域因人类猎捕而大量减少。他们可能是于13世纪时消失于英国；英格兰北部于1610年确定已经毫无野猪存活，英格兰国王詹姆士一世试图重新引进野猪到一些国家公园，但因偷猎而告失败。自1700年后，英国就不再有野猪出没。 丹麦最后的一头野猪于19世纪初被射杀，于1900年代于德国、奥地利、意大利、突尼斯和苏丹等地完全消失。它们已在俄罗斯大部分地区消失，尤其是阿尔泰山以西的地区。不过，在法国仍有很多野猪，且有增长的迹象。 于1950年代后欧洲和中亚的野猪开始回升：在1960年圣彼得堡及莫斯科的'),(4,'中文名：兔狲（拼音：tù sūn）；','体长:46-65厘米','兔狲体长46-65厘米；尾长21-31厘米；重量2.5-4.5公斤。 毛发是土黄色且带有垂直的条纹，但有时会因为厚重的毛发而变得不可见。兔狲有几个特征和其他的猫科动物有所区分。它的脚是短的，臀部较肥重，且毛发也很长、很厚。这使得它看起来特别地矮胖且多毛。它的毛发会随着季节而改变－冬天时会较灰且较不花。它的耳朵位置较低，且使其有一副有点像是猫头鹰的面容。由于其外形，一度被列入猫属，并被命名为Felis manul。甚至乎，在更早的时候，因为它那相对较肥的脸庞，一度被认为是波斯猫品种的祖先。','兔狲居住在海拔4000米的沙漠、荒漠或戈壁地区。它在夜晚活动，捕捉的猎物有啮齿目、鼠兔和鸟类。','兔狲分布于自亚洲中部地带向东至西伯利亚以及中国大陆的黑龙江、青海、内蒙古、河北、四川、西藏、新疆等地。','兔狲指名亚种（学名：Felis manul manul）；',NULL),(5,'中文名：蜜熊（拼音：mì xióng）；','体长:40-60厘米','蜜熊，体长40-60厘米，尾长40-60厘米，重量1.4-4.6公斤。 蜜熊的外毛皮呈金色，底毛呈灰色。舌头长达13厘米，眼睛大，耳朵小，四肢短，爪子锋利。 蜜熊以不同的声音沟通。它们的叫声像尖锐，仿佛女人的尖叫声。它们的触觉及嗅觉很灵敏，但视觉很差，未能分辨颜色','蜜熊是夜间活动的，最活跃于晚上七时至午夜及破晓前的一小时。它们于日间睡在树孔或树荫下。它们的尾巴可以抓住东西，可以帮助攀树。它们不会用尾巴来抓食物。在口附近、喉咙及腹部的嗅腺可以用来划定领地及行走路线。蜜熊以群族聚居。它们很多时都会独自觅食，有时也会成群或与犬浣熊一同觅食。','蜜熊全年会繁殖，孕期为112-118天，雌性每产1-2只幼仔。驯养的蜜熊寿命约到23岁，最高纪录可达41岁','蜜熊主要分布于中美洲及南美洲的雨林中。所在国家包括：危地马拉,伯利兹,萨尔瓦多,洪都拉斯,尼加拉瓜,哥斯达黎加,巴拿马,玻利维亚,委内瑞拉,圭亚那,苏里南,法属圭亚那,巴西,哥伦比亚,厄瓜多尔,秘鲁,玻利维亚等','蜜熊有时会被驯养为宠物。它们很喜欢玩耍，寂静及温驯，并没有显着的气味。若在日间被吵醒、或是嘈音及突然的行动，它们也会变得带有攻击性。被骚扰的蜜熊会尖叫及爪人或咬人。蜜熊携带寄生虫和病菌，会引发伤口感染，被咬的人如果不能及时医治，可能有生命危险'),(6,'中文名：斯里兰卡象（拼音：sī lǐ lán kǎ xiàng ）；','体长:','斯里兰卡象肩高2-3.5米，重量2000-5500公斤。 斯里兰卡象皮肤上，尤其是象鼻部分，以及耳朵边缘、腹部和腿部都有大面积的浅褐色，且年龄越大越明显。不过通常由于身上覆盖着泥土而难以辨认出','斯里兰卡象是食草动物，它主要食草，叶，树皮，掉落在地上的果实、棕榈叶（如椰树树叶）。长大后每日需要吃大约200公斤食物。','斯里兰卡象历史分布区包括所有斯里兰卡的生态区域。','斯里兰卡设立了多个国家公园及自然保护区来保护野生动物，包括斯里兰卡象。平纳维拉（Pinnawala）大象孤儿院医治受伤大象，养育失去母亲的幼象。大约70只大象住在此孤儿院。 坐落在斯里兰卡盖克拉镇西北部的平纳维拉的大象孤儿院建于1975年，主要收养那些在丛林中失去母亲的幼象并救治生病和受伤的大象。目前生活在孤儿院中的70多头大象受到工作人员的精心照顾，有些还在这里生儿育女。大象在孤儿院生活悠闲，除了定时进食、洗澡，还从事一些搬运木材的劳动和表演节目。目前，大象孤儿院向游人开放，成为斯里兰卡著名的旅游景点。',NULL),(7,'中文名：婆罗洲象（拼音：pó luó zhōu xiàng）；','体长:','婆罗洲象是亚洲象四个亚种中体型最小的，成年雄性身高也不超过2.5米。它们的面孔象其他象种的婴儿，耳朵很大，尾巴很长，几乎垂到地面。体型更小、更丰满，且性情比其他亚洲象更加温和，婆罗洲的大象种群看上去与其它亚洲象有很大差异，拥有较小的头盖骨和牙齿的变形等','婆罗洲象生活的森林地区，一般是地势平缓的低地和河谷区域，因为低地的土壤肥沃，能长出更多高质量的食物。一只成年侏儒象每天要吃150公斤的棕榈叶、香蕉等。侏儒象的食物来自于至少49属162个不同种的植物，包括几种龙脑香科树种。','婆罗洲象主要生存于分布于马来半岛东南婆罗洲岛北部沙巴','婆罗洲象一直以来被认为是近代由人类引入，是亚洲象属或非洲象属的后裔，并非当地的原生物种。一直到2003年以美国人唐·梅尔尼克为主的学者才以DNA检验比对为论据提出不同意见。 属于非洲象说法： 有一传说婆罗洲象种群起源于非洲苏丹，于1750年左右由东印度公司献给当时部分婆罗洲岛的统治者苏禄人。 属于亚洲象说法： 婆罗洲岛上没有发现过象的化石，而当地土著的土语中也没有象这个词，是以有者认为婆罗洲象是近代被人类从亚洲其他地区带进婆罗洲的。 在20世纪50年代，依解剖上的差异，如较小的头盖骨和牙齿的变形等，婆罗洲','过去40年来，由于砍伐、改建种植园以及人类居住等原因，位于婆罗洲东北部的马来西亚沙巴州40%的森林消失了，而这里是大多数野生侏儒象生存的栖息地。 调查表明，象群活动显然受到人类活动和森林破坏的影响。收集到的数据显示，生活在沙巴州的侏儒象很可能不到1000头，这比之前估计的1600头要少许多。低京那巴当岸野生动物保护区作为重要的象群栖息地，可能由于面积较小且栖息地破碎，而无法长期满足大量象群的生活需要'),(8,'中文名：南露脊鲸（拼音：nán lù jǐ jīng）；','体长:全长15-18米','南露脊鲸全长15-18米；重量47-80吨。 南露脊鲸跟其他的露脊鲸一样，人们可以靠着头上的硬茧、宽广而无背鳍的背部与长且呈拱状的嘴部来分辨南露脊鲸与其他鲸鱼的不同。它们的身体呈现深灰色或黑色，偶尔在腹部还会出现一些斑点。皮肤上的硬茧呈白色，这并不是皮肤的色素造成的，而是大片鲸虱的群落。南露脊鲸的睾丸是所以动物中最大，每个大约500公斤。 南露脊鲸几乎无法从外观与北大西洋露脊鲸或北太平洋露脊鲸分辨出来，只能借由它们头部的细微不同来分辨。南露脊鲸头部的硬茧可能比北半球的露脊鲸少，而下颚却拥有比北半球的露脊鲸','南露脊鲸会花费整个夏天在南半球的高纬度地区（很可能在接近南极洲的海域）觅食。它们为了觅食，会在冬季迁移到南半球的北部，包括阿根廷、澳大利亚、巴西、智利、新西兰、莫桑比克与南非的沿海地区都可以看到它们的踪影。南露脊鲸的数量估计界于7000与8000只之间。自从禁止猎捕南露脊鲸之后，它们的数量估计每年以7%的速度来增加。这表示南露脊鲸分布在南美洲、非洲南部与澳大利亚的族群彼此几乎不会交配，因为雌性的南露脊鲸对于养育及生育栖息地的依赖是非常强烈的，它们会依靠本能来回到幼鲸身边','南露脊鲸每隔大约3年繁殖1次，雌性孕期11-12个月，每产1仔，重约1500公斤。','南露脊鲸是由德穆兰（Desmoulins）于1822年所描述，后来在1864年格雷将南露脊鲸分类为露脊鲸属。之前的分类是将南露脊鲸视为北大西洋露脊鲸（E. glacialis）的亚种，而现在则认为是两种不同的种类。而且也许有一天，南露脊鲸会再被重新分类到原本的属，因为生物学家发现3种露脊鲸之间的差异比弓头鲸（露脊鲸属的唯一一个种）与3种露脊鲸之间的差异还要大。因此在未来有可能会把这4种鲸鱼放在同一个属。 南露脊鲸的异名有B. antarctica、B. antipodarum与 E. temminckii','因为海洋相当广大，所以很难去精准的得知南露脊鲸的数量。根据国际捕鲸委员会（International Whaling Commission）于1998年3月在开普敦举行的研讨会提出的数据，估计目前大约有7,000条南露脊鲸。这些资料是研究人员于1990年代在3个地点（阿根廷、南非与澳大利亚）以雌性成年的露脊鲸来研究所收集得来的，然后推测其他未研究的地区，雄鲸与幼鲸的数量则使用雄鲸与雌鲸的比例及成鲸与幼鲸的比例来计算，所以估计出在1999年约有7,000条南露脊鲸。 在巴西则透过巴西露脊鲸计划（Brazil'),(9,'中文名：伪虎鲸（拼音：wěi hǔ jīng）；','体长:全长4.9-5.1米','伪虎鲸全长4.9-5.1米；重量1200-2200公斤。伪虎鲸全身的体色均为黑色。头圆、口大，口裂朝着眼睛的方向切入，没有喙，上颌比下颌略微前突。背鳍比虎鲸小，鳍肢很尖，长度约为体长的1/10，向后显着弯曲，前缘中部突出，末端尖。尾鳍的宽度约为体长的1/5。伪虎鲸体型和虎鲸类似，因此得名，但是它们并非近亲。','伪虎鲸喜群居，几十、几百甚至几千头一群，同伴间眷恋性很强，很少单独活动。也会攻击大翅鲸仔鲸。在伪虎鲸群体里有时会分成较小的组或家族，平均18头为一组（通常为10至30）。 家族型包括所有年龄段的雄性和雌性伪虎鲸。 ','伪虎鲸似乎极为罕见，但其实生活于世界各地暖温带至热带海域，伪虎鲸也常出现在台湾东部外海一带。',NULL,NULL),(10,'中文名：豺（拼音：chái）；','体长:约110厘米','豺，体长约110厘米，尾长约50厘米，重量约18公斤。 豺的外形与狗、狼相近，体型比狼小，体毛红棕色或灰棕色，杂有少量具黑褐色毛尖的针毛，腹色较浅。四肢较短。耳短，端部圆钝。尾较长。额部隆起，鼻长，吻部短而宽。全身被毛较短，尾毛略长，尾型粗大，尾端黑色','豺是现存较为特殊的犬科动物，习性类似于生活在非洲的非洲野犬，豺群比狼群数量更多且表现得更为坚韧，不同的豺群会配合攻击虎豹，没有种族之分，这一特点大大增强了豺的生存能力。','豺的交配季节一般发生在9-2月份，在繁殖季节，雄兽和雌兽多成对活动。雌兽的妊娠期约为66-69天左右，产仔则在冬季，每胎产4-6仔，最多为9仔。初生的幼仔背有深褐色的绒毛，1-1.5岁性成熟，寿命为15-16年。','豺曾经广布亚洲大陆，但是目前已知的豺仅仅分布于俄罗斯，蒙古，哈萨克斯坦，吉尔吉斯斯坦和塔吉克斯坦。在中国西藏的一些地区也有分布。他们出现在大多数印度南部的恒河，特别是在印度中部高地和南部各州的西部和东高止山脉。在印度东北部，他们居住阿鲁纳恰尔邦，阿萨姆邦，梅加拉亚邦和西孟加拉邦。在克什米尔,喜马拉雅地区和印度西北部的豺数量形势岌岌可危，而且分布极其分散','有些书籍和网络将此物种的别称译为“红狼”，这是错误的，红狼（Canis rufus）是犬属动物，是另外一个物种。'),(11,'中文名：胡兀鹫（hú wū jiù）；','体长:95-125厘米','胡兀鹫身长95-125厘米，它们翼展约235-280厘米，它们的体重约5-7公斤。胡兀鹫全身羽色大致为黑褐色。它的名字因吊在嘴下的黑色胡须而得。头和颈都不象秃鹫、兀鹫那样裸露，而具有锈白色的完整羽毛，眼睛周围有一圈又黑又长的眉状斑纹- 黑色贯眼纹，向前延伸与颏部的须状羽相连好像戴了一副眼镜。成年胡兀鹫上背、短的肩羽和内侧覆羽暗褐色，具皮黄色或白色羽轴纹，其余上体黑灰色或黑褐色，具白色羽轴纹。尾长、楔形，暗褐色或灰褐色。下体橙皮黄色到黄褐色，胸部橙黄色尤为鲜亮，有时下体为白色或乳白色，但明显的缀有棕色或红褐','主要栖息在海拔500～4000米山地裸岩地区。在沟壑，高原和草原穿插的山脉间可见。在喜马拉雅山，可飞越超过8000米的最高峰。在非洲与亚洲的部分山地分布较广，但欧洲地区受到较大威胁。','胡兀鹫繁殖期2～5月。营巢于高山悬崖岩壁上大的缝隙和岩洞中。巢为盘状，内面稍凹，主要由枯枝构成，内放有枯草，细枝、棉花、废物碎片等。 每窝产卵通常2枚，第二只雏鸟会在第一只破壳一周之后出壳，并且要比第一只雏鸟小很多。这只小雏鸟实际上只是大雏鸟出现意外时的替补。在食物紧缺的情况下，小雏鸟有时会成为大雏鸟的充饥之物。 胡兀鹫之间常常会为争夺最好的筑巢位置而争斗，很多情况下胡兀鹫会承接金雕留下来的巢穴',NULL,'20世纪初胡兀鹫在欧洲的一些高山地区是比较常见的鸟，后来，当地人误认为它是为害畜牧业的害鸟而加以捕杀，导致其数量锐减。胡兀鹫在中国尚有一定的数量，主要栖息于青藏高原及其毗邻地区，虽然在中国西部地区这种大型的猛禽还比较容易见到，但数量也在逐渐减少。'),(12,'中文名：红背细尾鹩莺（拼音：hóng bèi xì wěi liáo yīng）；','体长:11.5厘米','红背细尾鹩莺平均体长11.5厘米；尾长6厘米；平均重量约8克。在着明显的两性异形。雄性具显着的婚羽，头、背和尾为黑色，背部具红色羽，翅膀棕色。雌性背褐色、腹苍白色。雄性的非婚羽及幼羽与雌性羽毛类似。少数雄性存在白色的非婚羽。进化生物学家迈克·韦伯斯特（Mkie Webster）研究发现雄性间因雌性引起的竞争会影响雄性的外表，雄鸟背羽的颜色鲜艳与否与其体内睾酮的含量有关。睾酮含量越高，背羽越鲜艳。而这也与其抚育后代有关，背羽鲜艳的雄鸟，往往会抚育更多的幼鸟。','红背细尾鹩莺主要取食昆虫，同时也少量取食种子及小型果实。其典型栖息地为石楠林及热带稀树草原，特别是有低矮灌木及高大草本遮蔽之处。其多以一对或小群体为单位在全年内标记其领土。但由于其原生地常发生林火，所以其也可迁徙生活。','红背细尾鹩莺为一夫一妻制，并再在一个或数个协助鸟的帮助下共同抚养幼鸟。不过，协助鸟都已性成熟，它们会在这个群体内停留一年或更长时间直至其组成家庭。 红背细尾鹩莺交配季节在八至二月份，筑巢于草丛或低矮的灌木中，每窝产卵3-4枚。','红背细尾鹩莺为澳大利亚的特有种，分布于金伯利至新南威尔士东部的沿海地区。',NULL),(13,'中文名：鲸头鹳（拼音：jīng tóu guàn）；','体长:','鲸头鹳是一种像鹳的鸟类，体型高大，平均有1.2米高，体重4000-7000克，翼展达到2.6米。 全体羽毛为石板灰色，背部有绿色光泽，尾较短，头后有短羽冠。外形最突出的特征，是具有很大的头和木靴子样特别厚而大的嘴。不过它的嘴看着很重，其实很轻。雌雄羽毛同色，仅在形体大小上有差别，雌鸟略小。幼鸟多褐色，背部无绿色光泽。鸟喙颜色为黄绿色，虹膜白色至淡黄色，脚黑色。 喙宽大而粗壮，是世界上最宽鸟喙，宽12厘米，嘴端下弯成勾状，鸟喙的作用非同小可，不仅尖端尖锐异常，而且周边也像快刀般的锋利，能够穿透鳄鱼厚厚的皮肤','鲸头鹳通常单独或成对生活，全夜行性。白天隐藏在草丛或苇丛中，黄昏出来觅食，很少有人发现它们。然而人在浮岛附近休息时却可能看到它在湿地上空翱翔，飞翔时姿态像鹭或鹈鹕那样头颈弯曲成“Z”形。不鸣叫（鸣管肌退化），却能发出像白鹳似的“嗒、嗒”声。另外，滑翔中也能发出大的响声。',NULL,'鲸头鹳生活在非洲东部热带地区从苏丹共和国到赞比亚的巨大沼泽地区。国际鸟盟将其保护现状定为易危。危害的主要来源是栖息地遭破坏、干扰和捕猎','鲸头鹳的数量： 南苏丹占总量的50%到80%，总数超过5000只； 刚果民主共和国：少于1000只； 赞比亚：少于500只； 坦桑尼亚200-500只； 乌干达100-150只； 卢旺达超过50只； 埃塞俄比亚50只； 中非共和国偶尔存在； 布隆迪和马拉维数量未知'),(14,'中文名：绿孔雀（拼音：lǜ kǒng què ）；','体长:约2.2米','绿孔雀雄鸟身体长约2.2米(包括长约1.5米的尾屏)。 绿孔雀的羽色鲜艳，以翠绿、青蓝、紫褐色为主，多带有金属光泽；尾上覆羽延长成尾屏，上面具有五色金翠钱纹，开屏时候尤为艳丽；雌鸟没有尾屏，羽色也较逊色。 尾屏可以起到保护色的作用，大多数捕食者，例如虎、豹、野狗、猫头鹰、鹰等都没有辨色能力','绿孔雀主要栖息于海拔2000米以下的热带、亚热带常绿阔叶林和混交林，尤其喜欢在疏林草地、河岸或地边丛林以及林间草地和林中空旷的开阔地带活动，不喜欢过于浓密的热带雨林。','绿孔雀繁殖期3-6月。2月中下旬即出现求偶行为。此时雄鸟羽色特别艳丽，常追逐于雌鸟周围，把鲜艳的尾上覆羽尾屏展开如扇状，并不断抖动，使其相互摩擦碰撞而发出‘沙~沙~沙’的声响。 通常营巢于灌木和草丛中地上，每窝产卵4-8枚，一年繁殖1窝。卵乳白色、淡棕色或乳黄色、光滑无斑，微具光泽','绿孔雀产于东南亚的广大地区，如印度东北部、缅甸、老挝、越南、柬埔寨、印度尼西亚的爪哇岛，在中国主要发现于云南和西藏地区，数量稀少',NULL),(15,'中文名：中华秋沙鸭（拼音：zhōng huá qiū shā yā）；','体长:49-64厘米','中华秋沙鸭成鸟体长49-64厘米。 雄鸟头、颈黑色泛绿色光泽，背部黑色，腹部及两胁具黑色鳞状斑，胸白色，枕后冠羽与喙等长，喙鲜红色。雌鸟头颈红棕色，背灰色具鳞状斑，腹部及两胁具黑色鳞状斑，胸白色，枕后冠羽较雄性短，喙红色。亚成体外形同雌性，冠羽和鳞状斑均不明显。','中华秋沙鸭主要栖息于阔叶林或针阔混交林的溪流、河谷、草甸、水塘以及草地，喜欢清澈水道，因此成为湿地环境指示物种。生性胆小，容易受惊吓，白天活动觅食，主要食物为鱼类和水生昆虫',NULL,'中华秋沙鸭分布于俄罗斯西伯利亚以及中国大陆的黑龙江、吉林、河北、长江以南等地，日本、韩国、朝鲜、缅甸也有分布，越南的种群可能已经灭绝。繁殖地主要在俄罗斯东南部寄中国东北部。在中国大陆中部和南部、日本和朝鲜越冬，偶见于东南亚地区。该物种的模式产地在中国',NULL),(16,'中文名：黑长尾雉（拼音：hēi zhǎng wěi zhì）；','体长:52-87厘米','雄鸟全长87公分(含尾羽52公分)。全身呈紫蓝色金属光辉之纯黑羽毛，唯尾羽有显明白色横带纹。喙角黑色，脚暗灰色以至绿褐色。 雌鸟特征：全长52公分(含尾羽20公分)。大都橄榄褐色，尾羽具黑色横斑。 雌雄眼周均裸出，皮肤呈红色','黑长尾雉生活在高海拔山区坡度较陡峭的针阔叶混合林、针叶林，亦曾见于箭竹林等浓密树丛中。黑长尾雉的食性和鸡相似，常见边走边用强健弯曲的喙啄食。春、夏植物更新茂密时，曲颈低头不停啄食地表植物的新芽、嫩叶，秋冬绿色地表植物欠缺，主要啄食草籽、浆果、地衣等，火炭母草、玉山悬钩子、五节芒、车前草、早和苗等也都是它的食物。另外，繁殖期或严冬时，也会改吃荤，蚂蚁、蚯蚓、甲虫，就变成它的美食主要以蕨类嫩芽、球根、浆果及昆虫为食。','黑长尾雉营巢于树上窟窿里或地上，以草茎等做粗糙的巢座。3至7月为其繁殖期，此时雄鸟会占区、殴斗，发出ke、ke、ke的叫声。求爱时抬头挺胸，频频振翅炫耀，逼近雌鸟后迅速啄头踩背进行交配','黑长尾雉在过去面临当地人狩猎的压力，目前得到了较好的保护，玉山国家公园近年来野生的帝雉族群有增加的现象 。国际自然保护联盟（IUCN）的红皮书从1994年版将其定为近危（Lower Risk/near threatened）物种。','英国著名的鸟类采集家Walter Goodfellow ，于1906年在阿里山采集鸟类的时候，无意中发现了装饰在原住民头上、他从未曾见过之两片漂亮的雉类长尾羽。因其恰好回国在即，故只带回这两片尾羽回英国。经过一番研究以后，这两片羽毛的主人被认定为台湾特有的新种鸟类，并由William Robert Ogilvie-Grant命名为Calophasis mikado 。Mikado乃日语，汉字写作“帝”或“御门”，为天皇的尊称。帝雉虽然多栖息在海拔2000米左右的高山上，但是其全身呈紫蓝色，并闪烁着金属光辉'),(17,'中文名：蓝鹇（拼音：lán xián）；','体长:79厘米','蓝鹇是一种大型雉类，身长大约79厘米。 雄性头颈黑色，羽冠白色有时带黑斑，后颈及颈侧为深蓝色，带悦目的金属光泽，上背白色，下背及尾上覆羽黑色，并具有宽阔的带金属光泽的蓝色羽缘，肩羽赤红色，翼上覆羽及次级飞羽黑色具宽阔的带金属光泽的绿色羽缘；初级飞羽棕色；尾羽除一对中央尾羽为鲜亮的白色外，均为黑色并带有蓝色光泽。 雌性为雄性的暗色版本，以褐色、土黄和黑色的条纹为主要色调','蓝鹇繁殖期在每年的4月－6月间，在地面上刨浅坑为巢，每次产卵2-12枚，呈乳黄色。孵化期大约25天，雏鸟两年达到性成熟。','蓝鹇，为台湾特有种（不普遍留鸟）','栖息地破坏:本物种的栖息地为中低海拔森林，自汉人大量移居台湾后便持续遭受破坏，以至适于蓝鹇生存的原始环境锐减，严重威胁本物种的生存。 过度捕猎：岛内原住民自古以来就有狩猎本物种的习俗，并以本物种雄性的白色中央尾羽作为传统帽饰，对本物种构成一定威胁，但最大的威胁还是来自于山地开发之后移民的捕猎行为，但在50－60年代，尚未实施全面禁猎政策之前，许多日本人和华侨台台湾观光购买纪念品时，喜欢带美丽的动物标本回去，这也刺激了对本物种的捕猎行为。','1753年（清朝乾隆十八年），福建崇安人董天工撰《台海见闻录》卷二之台禽（计八条）内记载： 华鸡 华鸡较锦鸡微大，冠与面俱赤，胫足亦然，尾黑白相间，长一、二尺，毛羽五色陆离；土人用绳圈系饵于深山生致之，然性难驯，豢养不易。 而蓝鹇介绍于西方世界于1860年代，是19世纪博物学高速发展下的产物，它的发现者是博物学家、东方鸟类学研究的重量级人物、鸟类学家斯文豪（Robert Swinhoe）。 1862年4月1日，斯文豪得到了一张被有蓝色羽毛的大型雉类的皮，因为天气炎热，猎人怕尸体腐烂，没有给他带回完整的个体'),(18,'中文名：白肩雕（拼音：bái jiān diāo）；','体长:80厘米','白肩雕将巢筑在树上，周围没有其他树木，因此这些巢在很远处就可以看到，白肩雕也可以观察周围的情况。白肩雕用树枝筑巢，加以草与羽毛。每年3-4月，雌雕产2-3枚卵。孵化期为45天，通常只有一只能存活下来，其余在长成过程中死亡',NULL,NULL,'白肩雕分布在欧洲东南部、西亚和中亚。西班牙白肩雕生活在西班牙和葡萄牙，以前认为和白肩雕是一个物种，如今由于在形态学、生态学和特征的不同被分成两个不同的种类。',NULL),(19,'中文名：白颊鹎（拼音：bái jiá bēi）；','体长:长度18厘米','白颊鹎长度18厘米，翼展25-28厘米，重量约30克。 白颊鹎是一种中等体型的橄榄褐色鹎。褐色的冠羽形长而前弯。脸、颏及喉黑色，具白色颊块。下体近白，尾下覆羽浅黄。尾黑而端白。不可能与任何其他的鹎混淆。虹膜深褐色；鸟喙黑色；脚爪黑色。','白颊鹎通常栖息于森林、灌丛中，偶尔出现在农田和公园，以昆虫、浆果、果实、种子、嫩芽和花蜜为食','白颊鹎繁殖期在5-7月份，通常营巢于海拔1200-2500米的茂密森林中，在树上筑巢，巢为杯状，主要由细枝、草茎、草根等材料构成，每窝产卵2-3枚，孵化期12-15天，雏鸟9-11天离巢','白颊鹎分布在亚洲的阿富汗、不丹、印度、尼泊尔、巴基斯坦、伊拉克、塔吉克斯坦及沙特阿拉伯',NULL),(20,'中文名：非洲羽须鹎（拼音：fēi zhōu yǔ xū bēi）；','体长:约18厘米','非洲羽须鹎长约18厘米。 非洲羽须鹎的喙较短及直。喙及脚都是黑色的，眼睛呈深褐色有深色的眼环。它们的上身大部分呈灰褐色，下身呈白褐色，头部深色，冠尖而呈深色，两颊黑色。尾巴很长。雄鸟及雌鸟的羽毛颜色相似','非洲羽须鹎是留鸟，它们栖息在林地、海岸丛林、河岸丛林、山区丛林及混合农地，也有住在花园及公园的。一般是成对或以小群生活。它们倾向留在树顶。它们很是活跃及嘈吵。主要吃果实、花蜜及昆虫。','非洲羽须鹎主要于9-12月份繁殖。其鸟巢较为坚硬，壁厚及呈杯状。它们会在小树或灌木的多叶树枝上筑巢。它们每次会生2-3只蛋。斑翅凤头鹃会寄生在它们当中','非洲羽须鹎广泛分布在非洲',NULL),(21,'中文名：突角鼻鱼（拼音：tū jiǎo bí yú）；','体长:最大全长100厘米',NULL,NULL,NULL,NULL,NULL),(22,'中文名：印尼栉齿刺尾鱼（拼音：yìn ní zhì chǐ cì wěi yú）；','体长:16厘米',NULL,NULL,NULL,'印尼栉齿刺尾鱼，分布于中西太平洋区，包括印尼、菲律宾、斐济、东加、巴布亚新几内亚、澳洲大堡礁、所罗门群岛、瓦努阿图等热带海域',NULL),(23,'中文名：扁体栉齿刺尾鱼（拼音：biǎn tǐ zhì chǐ cì wěi yú）；','体长:全长12-15厘米',NULL,NULL,NULL,'扁体栉齿刺尾鱼，分布于中东太平洋的夏威夷群岛及约翰斯顿岛海域','扁体栉齿刺尾鱼学名：Ctenochaetus strigosus，由英国作家、动物学家--爱德华·特纳贝·内特（Edward Turner Bennett）于1828年命名。'),(24,'中文名：栉齿刺尾鱼（拼音：zhì chǐ cì wěi yú）；','体长:全长18-24厘米','栉齿刺尾鱼全长18-24厘米。 栉齿刺尾鱼身体深黄褐色，在头部上具橘色的斑点，胸鳍淡黄色，尾部的与腹的鳍褐色，尾鳍的前部灰白，尾梗两边具有锐利，朝向前面的进入一个水平的凹槽之内折叠下来的直立的硬棘，鳞片细小。稚鱼有8－12条灰白的柄倾向向下的与向后在身体上，齿可动的且细长，顶端内曲了而且扩大，背鳍硬棘8枚；背鳍软条27－31枚；臀鳍硬棘3枚；臀鳍软条24－28枚',NULL,NULL,'栉齿刺尾鱼，分布范围西起印度洋马达加斯加，东抵夏威夷及波利尼西亚，南到澳大利亚，北至日本南部，包括台湾、西沙群岛、南沙群岛等。',NULL),(25,'中文名：夏威夷栉齿刺尾鱼（拼音：xià wēi yí zhì chǐ cì wěi yú）；','体长:25厘米左右',NULL,NULL,NULL,'分布于太平洋热带海域。',NULL),(26,'中文名：双斑栉齿刺尾鱼（拼音：shuāng bān zhì chǐ cì wěi yú）；','体长:22厘米','双斑栉齿刺尾鱼体长可达22厘米。 双斑栉齿刺尾鱼体侧扁，口小，略突出，体为橄榄绿或褐色，幼鱼头部散布蓝色小斑点，背鳍与臀鳍均有蓝色镶边，尾鳍黄色；成鱼背鳍上有不明显的黄色纵纹，尾柄前端上下各有一黑斑，尾鳍褐色且末端略延长，背鳍硬棘8枚；背鳍软条24至27枚；臀鳍硬棘3枚；臀鳍软条22至25枚','双斑栉齿刺尾鱼栖息在礁石区，水深8-52米。性情温和，遇威胁时会将尾部硬棘攻击敌人，属杂食性，以藻类及动物碎屑为主',NULL,'双斑栉齿刺尾鱼分布于印度太平洋区，包括东非、红海、毛里求斯、塞舌尔、马尔代夫、斯里兰卡、安达曼群岛、日本、台湾、中国沿海、菲律宾、印尼、澳洲、新几内亚、马里亚纳群岛、马绍尔群岛、所罗门群岛、斐济群岛、瓦努阿图、夏威夷群岛、法属波利尼西亚、瑙鲁、科隆群岛等海域。该物种的模式产地在菲律宾吕宋岛。',NULL),(27,'中文名：黄翼刺尾鱼（拼音：huáng yì cì wěi yú）；','体长:最大全长70厘米','黄翼刺尾鱼最大全长70厘米。 黄翼刺尾鱼体呈椭圆形而侧扁。口小，端位，上下颌各具一列扁平齿，齿固定不可动，齿缘具缺刻。体为深橄榄绿或褐色，眼部有一黄色带，胸鳍黄色，尾鳍基部白色，末端略延长，背鳍与臀鳍皆有黄色细纵纹','黄翼刺尾鱼，成鱼生活在深水区，水深5-90米，适宜温度24-28摄氏度，幼鱼则在浅水域活动，遭受威胁时会用硬棘攻击敌人。属杂食性，以藻类、碎屑、小型水生动物为食',NULL,'黄翼刺尾鱼分布于印度洋－太平洋区，范围从东非起，至夏威夷群岛、法属波利尼西亚，在东太平洋的加利福尼亚湾、巴拿马、加拉帕戈斯群岛也可找到，北起日本南部，南至大堡礁及新喀里多尼亚','黄翼刺尾鱼学名：Acanthurus xanthopterus，由法国动物学家--阿希尔·瓦朗谢讷（Achille Valenciennes ）于1835年命名。'),(28,'中文名：横带刺尾鱼（拼音：héng dài cì wěi yú）；','体长:17-27厘米','横带刺尾鱼通常生活在热带海域的珊瑚礁区，水深1-90米，适宜温度24-26摄氏度。属食草性，主食藻类。具有低领地性',NULL,'横带刺尾鱼是卵生鱼类，全年可繁殖。人工饲养的横带刺尾鱼寿命5-7岁',NULL,'横带刺尾鱼学名：Acanthurus triostegus，由瑞典自然学者-卡尔·林奈（Carl Linnaeus）于1758年命名。'),(29,'中文名：坦氏刺尾鱼（拼音：tǎn shì cì wěi yú）；','体长:最大长度31厘米','坦氏刺尾鱼最大长度31厘米。 坦氏刺尾鱼体呈椭圆形而侧扁。头小，头背部轮廓随着成长而略凸出。口小，端位，上下颌各具一列扁平齿，齿固定不可动，齿缘具缺刻。体为淡棕色，头部及尾部较深，眼后方有一马蹄形的黑色斑块，背鳍及臀鳍基部咖啡色，尾柄硬棘部黑色且镶淡蓝色边，尾鳍为半月状，具淡蓝色边缘，背鳍硬棘9枚；背鳍软条23至24枚；臀鳍硬棘3枚；臀鳍软条22至23枚。',NULL,NULL,'坦氏刺尾鱼分布于印度洋区，包括东非、留尼汪、塞舌尔群岛、科摩罗、斯里兰卡、印度、印尼、马尔代夫等海域。',NULL),(30,'中文名：黑鳃刺尾鱼（拼音：hēi sāi cì wěi yú）；','体长:',NULL,NULL,NULL,NULL,NULL),(31,'中文名：环纹钝口螈（拼音：huán wén dùn kǒu yuán）；','体长:全长140-180毫米','环纹钝口螈全长140-180毫米，最大长度记录为255毫米。 环纹钝口螈体型纤细，头小，尾长。身体呈深黑褐色，布有黄色环斑','环纹钝口螈每年繁殖1次，繁殖季节在9-11月份，雌性平均产卵150颗，幼体具变态性。性成熟2-3岁。据推测野生环纹钝口螈寿命可达10岁',NULL,'环纹钝口螈分布于美国的，阿肯色州、密苏里州、伊利诺伊州和俄克拉荷马州东部。主要集中在欧萨克高原和沃希托山','环纹钝口螈学名：Ambystoma annulatum，由美国古生物学家、爬虫学家和鱼类学家--爱德华·德林克·柯普（Edward Drinker Cope）于1866年命名'),(32,'中文名：安氏钝口螈（拼音：ān shì dùn kǒu yuán）；','体长:',NULL,NULL,NULL,NULL,NULL),(33,'中文名：美洲大鲵（拼音：měi zhōu dà ní）；','体长:24-40厘米','美洲大鲵体长24-40厘米；全长30-74厘米；重量1.5-2.5公斤。 美洲大鲵身体扁平，周身布满粘液，前爪4趾，后爪5趾。',NULL,'美洲大鲵繁殖高峰在8-9月份，有的会持续到11月份。美洲大鲵体外排卵、受精，雌性会在两三天内，排出150-200颗卵，之后雄性进行受精。受精卵的孵化期45-75天，视地区而定','美洲大鲵生活在美国东部的，俄亥俄州、宾夕法尼亚州、马里兰州、西弗吉尼亚州、弗吉尼亚州、肯塔基州、伊利诺伊州、印第安纳州、田纳西州、北卡罗来纳州、南卡罗来纳州、阿拉巴马州、密西西比州、阿肯色州、密苏里州、俄克拉荷马州和堪萨斯州。',NULL),(34,'中文名：日本大鲵（拼音：rì běn dà ní）；','体长:全长1.5米','日本大鲵最大长度1.5米；重量25公斤。 日本大鲵体形扁长，四肢很短，前肢4指，后肢5趾，趾间有蹼，有一短而侧扁的尾巴。特点是背部有黑色斑点，头部疣突单个出现，成年大鲵双眼退化至身体两侧肉质皮褶内而不易看出。新陈代谢非常缓慢','日本大鲵栖息于寒冷、湍急、含氧量高的高山淡水溪流和河流中。是完全水生的两栖动物，视力极差，依靠皮肤上的感觉细胞来探测周围的环境。在遇到威胁时会分泌强烈的气味，类似于日本辣椒的味道，因此日文俗名被称为“大山椒鱼”或“巨椒鱼”。日本大鲵在夜间活动觅食，以鱼、小蝾螈、蠕虫、昆虫和蜗牛为食','日本大鲵繁殖季节在8月下旬，此时数百条日本大鲵会聚集在一起，雄性间会有激烈的争斗，甚至导致伤亡。 日本大鲵是体外排卵、受精，雌性会产下150-400枚卵，会和多个雄性受精，孵化期12-15周。在此期间成年日本大鲵会在附近保护受精卵不被鱼类吃掉。野生日本大鲵的寿命可达80岁，人工饲养的最高纪录为52岁。','日本大鲵主要集中分布于日本本州岛南部，四国和九州亦有发现，主要栖息在海拔300至700米的山间溪流中，目前是日本国宝及一级保护动物','日本大鲵学名：Andrias japonicus，由荷兰动物学家--康拉德·雅各·特明克（Coenraad Jacob Temminck）于1837年命名。'),(35,'中文名：阿山箭毒蛙（拼音：ā shān jiàn dú wā）；','体长:36-44毫米',NULL,NULL,'雌阿山箭毒蛙在植物的叶面上产卵，数量10-20颗，孵化期14天左右',NULL,'阿山箭毒蛙在人工饲养状态下，此物种无毒，适宜温度为23-26摄氏度，以果实蝇、蚜虫为食，饲养箱50x50x50厘米的，可以饲养4-5只阿山箭毒蛙，最好养殖凤梨科植物'),(36,'中文名：网纹钝口螈（拼音：wǎng wén dùn kǒu yuán）；','体长:全长9-13.5厘米','网纹钝口螈全长9-13.5厘米。 网纹钝口螈头小，腿短，圆形的尾巴很长。体表棕黑色，上面覆盖着浅灰色或银白色网纹状色斑，全身遍布着细小的红斑点。幼体生长着醒目的棕色和黄色的纵向条纹。',NULL,NULL,'网纹钝口螈只分布在美国东南沿海的狭长地带，阿巴拉契科拉河以东、佛罗里达州、南卡罗来纳州南部和佐治亚州的北部和南部。',NULL),(37,'中文名：安哥拉河蛙（拼音：ān gē lā hé wā）；','体长:90毫米',NULL,'安哥拉河蛙通常栖息在海拔2000-3100米的地区，有很强的适应力，几乎有水的地方都可以看见它们。如热带或亚热带的森林、草原、稀树草原中的浅溪、河流、池塘、沼泽、淡水湖泊和湿地，以及耕地、牧场。 安哥拉河蛙集群生活，擅长跳跃和游泳。以昆虫为食。在雨季雄性会发出吵闹的叫声。 安哥拉河蛙的天敌主要是鳄鱼、大型鸟类和蛇。人类的农药污染和采矿业的酸污染对该物种带来一定的危害，但是暂时不构成物种威胁。','安哥拉河蛙繁殖季节在十月至次年四月，在水岸处产卵，每次产卵400-500颗，从孵化到变态为蛙需要2年的时间。蝌蚪呈棕色，长度达到60-80毫米','安哥拉河蛙广泛分布在在非洲东部和南部，包括：安哥拉、博茨瓦纳、布隆迪、刚果民主共和国、厄立特里亚、埃塞俄比亚、肯尼亚、莱索托、马拉维、莫桑比克、卢旺达、南非、斯威士兰、坦桑尼亚、乌干达、赞比亚、津巴布韦和纳米比亚。',NULL),(38,'中文名：高加索蟾蜍（拼音：gāo jiā suǒ chán chún）；','体长:70-190毫米',NULL,'高加索蟾蜍自然栖息地是温带、亚热带的高山针叶林或者亚高山带落叶阔叶林中，它们通常生活在小溪、小河、水坑、池塘和湖泊附近，喜欢潮湿阴凉的环境。在寒冷的季节会处于休眠状态。成年蟾蜍吃各种无脊椎动物，偶尔吃小型爬行动物。','雌蟾蜍6-8月份产卵，数量在900-10500颗。高加索蟾蜍寿命最高10岁','高加索蟾蜍，分布在高加索地区，包括：阿塞拜疆、格鲁吉亚、黎巴嫩、俄罗斯联邦、阿拉伯、土耳其。',NULL),(39,'中文名：紫莓蝾螈（拼音：zǐ méi róng yuán）；','体长:全长12-15厘米',NULL,NULL,NULL,NULL,NULL),(40,'中文名：安南树蛙（拼音：ān nán shù wā）；','体长:80-100毫米',NULL,NULL,NULL,NULL,NULL),(41,'中文名：印度眼镜蛇（拼音：yìn dù yǎn jìng shé）；','体长:1.9米','印度眼镜蛇全长平均1.9米。最大长度为2.4米。 印度眼镜蛇最为人所知的特征，是它头部至颈部的皮折，每当进行猎食或感应到危机时，印度眼镜蛇都会展开两侧的皮折以威吓对手。印度眼镜蛇的皮折范围宽阔，皮上有明显的曲线眼形纹，形态有如眼镜。皮折上的眼镜纹会根据蛇种躯体颜色的不同，而有着多样的变化。另外，有一种东方的滑鼠蛇经常被误会成眼镜蛇，其实滑鼠蛇体型较长，而且它身体隆起幅度明显，理应容易分辨','印度眼镜蛇经常出没于广阔的森林与农田，间中会窜到城市中，并生活于下水道等阴暗地方。主要进食啮齿目动物（如鼠类）、蟾蜍、蛙类、鸟类与及部分蛇类。','印度眼镜蛇是卵生动物，每年约于4-7月份产卵。雌蛇每次可产12-30枚蛇卵，并于设置在地下的巢穴中孵蛋48-69天。初出生的印度眼镜蛇身长约20-30厘米，而且诞下不久就已经具备完善的毒液分泌腺','印度眼镜蛇主要分布于印度大陆（除了印度东北大陆），另外亦散布于斯里兰卡、巴基斯坦、尼泊尔、不丹以及孟加拉国等地区。海拔2000米以内都可以找到印度眼镜蛇。','印度眼镜蛇学名：Naja naja，由瑞典自然学者-卡尔·林奈（Carl Linnaeus）于1758年命名。'),(42,'中文名：西部带蛇（拼音：xī bù dài shé）；\r\n英文名：Western ribbon snake；\r\n学名：Thamnophis proximus。\r\n西部带蛇，体型纤长，全长平均125厘米，雌性略大。广泛分布在美国中部、西部至中美洲的哥斯达黎加。西部带蛇是半水栖物种，栖息在沼泽、池塘、河流、溪流、湖泊和湿地环境中，昼伏夜出，以两栖类动物、鱼类和小型爬行动物为食。一部分西部带蛇有冬眠的习性。\r\n世界自然保护联盟红色名录列为：无危（LC）','体长:全长平均125厘米',NULL,NULL,'西部带蛇为卵胎生，雌蛇每产8-13尾，幼蛇全长16-29厘米。','西部带蛇，广泛分布在美国中部、西部至中美洲的哥斯达黎加',NULL),(43,'中文名：泰国眼镜蛇（拼音：tài guó yǎn jìng shé）；','体长:全长0.9-1.2米','泰国眼镜蛇全长0.9-1.2米。最大长度为1.6米。 泰国眼镜蛇是中等大小及较为厚身的眼镜蛇。它们呈灰色、褐色及黑色，有白色的斑点或斑纹。这些斑点或斑纹可以覆盖达整个身体，令人看似整条呈白色。 泰国眼镜蛇与孟加拉眼镜蛇有相似的大小及外观，且栖息在相似的环境。','泰国眼镜蛇栖息在低地至山区的平原至林地。它们也会因觅食而在乡村出没。主要是夜间活动的，主要吃啮齿目动物、鸟类及细小的爬行动物，如蛇及蜥蜴。日间会有很多不同的行为表现，一般会较为胆少及逃走。在黄昏时份则会变得具攻击性。当受到威胁时，泰国眼镜蛇会升起及胀大皮褶。若对方不退避，它们会针对头部喷洒毒素，射程可达3米。它们随之会逃走，最后才会咬人。','泰国眼镜蛇是卵生的。雌蛇会生13-28只蛋，孵化期为48-70日。幼蛇出生后立即独立，长约12-20厘米，与成年的一样可以致命。','泰国眼镜蛇分布在东南亚，包括泰国、柬埔寨、越南、老挝及缅甸','泰国眼镜蛇学名：Naja siamensis，由奥地利自然科学家-约瑟夫·尼古拉斯·劳伦蒂（Josephus Nicolaus Laurenti）于1768年命名。'),(44,'中文名：木纹响尾蛇（拼音：mù wén xiǎng wěi shé）；','体长:全长91-152厘米',NULL,NULL,NULL,'木纹响尾蛇主要分布在美国东部，包括：明尼苏达州、新罕布什尔州南部、德克萨斯州、佛罗里达州北部。在加拿大安大略省南部也有发现此蛇的记录。',NULL),(45,'中文名：菲律宾眼镜蛇（拼音：fēi lǜ bīn yǎn jìng shé）；','体长:全长1-1.6米','菲律宾眼镜蛇全长1-1.6米。最大长度为2米，生活在民都洛岛 菲律宾眼镜蛇整体比例较其他蛇种短胖。身体颜色会由年轻时的暗棕色，逐渐蜕为成熟期的浅棕色，喉颈位置有时会有一条黑色的长纹。颈部附近有二十数环的蛇鳞，躯体中部有21环蛇鳞，腹部有182至193环蛇鳞，尾部位置有36至49环蛇鳞。鳞纹分布有时并不平均。','菲律宾眼镜蛇的栖身地大致为耕地、民众聚居地及密林之中。主要进食鼠类、蛙类及小型的哺乳类动物。','雌性菲律宾眼镜蛇，每产10-20枚卵，孵化期60-70天','菲律宾眼镜蛇主要分布于菲律宾吕宋、民都洛、卡坦端内斯省及马斯巴特等岛屿','菲律宾眼镜蛇学名：Naja philippinensis，由美国爬虫学者-爱德华·哈里森·泰勒（Edward Harrison Taylor）于1922年命名。'),(46,'中文名：印南鬣蜥（拼音：yìn nán liè xī）；','体长:13厘米','印南鬣蜥平均头体长13厘米；尾长20厘米。 雌性和未成年印南鬣蜥，身体是橄榄褐色，有深褐色如同大理石的斑点。雄性印南鬣蜥体色鲜艳，尤其在繁殖季节，它们的头部和背部会变为朱红色或黄色，腹部，四肢和尾巴是黑色',NULL,NULL,'印南鬣蜥，生活在印度南部的西高止山脉',NULL),(47,'中文名：黄金眼镜蛇（拼音：huáng jīn yǎn jìng shé）；','体长:全长1.2-1.4米','黄金眼镜蛇全长1.2-1.4米。最大长度为1.87米。 黄金眼镜蛇也是颜色比较特别的一种毒蛇，除了像其名字一样，全身是黄金色外，有的亚种呈棕到黑色，身上也会长有黑色的斑点。','黄金眼镜蛇的活跃时间是在每天的日间与傍晚，主要以小型哺乳动物为食，亦会捕食青蛙、蜥蜴。除此之外，黄金眼镜蛇偶然也会溜入农舍里，捕捉禽类。当受到骚扰时，黄金眼镜蛇会迅速作出反应，它会快速攻击，靠强烈的毒性和反复的攻击令敌人知难而退。','黄金眼镜蛇在11-1月份产卵，每产8-20枚卵，孵化期65-70天，幼蛇长34-40厘米',NULL,'黄金眼镜蛇学名：Naja Nivea，由瑞典自然学者-卡尔·林奈（Carl Linnaeus）于1758年命名'),(48,'中文名：红射毒眼镜蛇（拼音：hóng shè dú yǎn jìng shé）；','体长:全长70-120厘米','红射毒眼镜蛇全长70-120厘米。最大长度为150厘米。 红射毒眼镜蛇体色以红色至灰色为主。另外，红射毒眼镜蛇的幼蛇阶段时，颈部位置会有一条明显的黑色斑纹。在遇到危机时，能透过毒牙尖端的细孔向敌人喷射出毒液，其射程甚至可达两米之遥。','红射毒眼镜蛇是少数的射毒眼镜蛇之一，是陆行性的，而且主要在晚间活动。它们会进食的很多种类的脊椎动物，包括青蛙、蜥蜴、鸟类、鼠。','红射毒眼镜蛇属于卵生蛇种，雌蛇每产6-15枚卵','红射毒眼镜蛇主要分布在吉布提、厄立特里亚、索马里、埃及、埃塞俄比亚、坦桑尼亚、苏丹和肯尼亚','红射毒眼镜蛇学名：Naja pallida，由比利时动物学家-乔治·阿尔伯特·鲍伦格（George Albert Boulenger）于1896年命名。'),(49,'中文名：斯基罗斯壁蜥（拼音：sī jī luó sī bì xī）；','体长:全长14厘米左右',NULL,NULL,'斯基罗斯壁蜥每窝产卵10枚左右。','斯基罗斯壁蜥分布在希腊爱琴海上中的斯基罗斯岛上，亚种Podarcis gaigeae weigandi分布在皮皮瑞岛（PIPERI）上。',NULL),(50,'中文名：圣埃斯特万岛黑叩壁蜥（拼音：shèng āi sī tè wàn dǎo hēi kòu bì xī）；','体长:全长可达76厘米','圣埃斯特万岛黑叩壁蜥全长可达76厘米，重1.4公斤。 它们的皮肤呈灰色，有褐色至黄色的斑纹，面部呈灰至黑色。雌性的外表较沉色，斑纹较少。它们的颜色可以成为伪装来避开掠食者的攻击。圣埃斯特万岛黑叩壁蜥是最大的大型蜥蜴，它们是岛内巨大化的例子，较大陆的同类大3-4倍','圣埃斯特万岛黑叩壁蜥喜欢栖息在岩浆及岩石地区，有裂缝及隐密的地方供躲藏。这些地区一般长满了木馏油灌木及仙人掌，都是它们的食物之一。它们也会吃叶子、果实、花朵及昆虫。是日间活动的，由于它们是冷血动物，日间及冬天大部份时间都会在哂太阳取暖。它们很适合在沙漠生活，在高达39℃仍很活跃。','圣埃斯特万岛黑叩壁蜥交配期在4-7月份之间，于6-8月份产卵5-16枚。卵于9月末孵化。它们的寿命可达25岁以上','圣埃斯特万岛黑叩壁蜥是圣埃斯特万岛的特有种。','圣埃斯特万岛黑叩壁蜥因被人类及入侵物种猎杀而濒危。它们受到《濒危野生动植物种国际贸易公约》附录一的保护。');

/*Table structure for table `environment` */

DROP TABLE IF EXISTS `environment`;

CREATE TABLE `environment` (
  `environment_id` int(4) NOT NULL COMMENT '环境id',
  `environment_name` varchar(255) COLLATE utf8_unicode_ci DEFAULT NULL COMMENT '气候环境',
  PRIMARY KEY (`environment_id`) USING BTREE
) ENGINE=InnoDB DEFAULT CHARSET=utf8 COLLATE=utf8_unicode_ci ROW_FORMAT=COMPACT;

/*Data for the table `environment` */

insert  into `environment`(`environment_id`,`environment_name`) values (1,'热带'),(2,'亚热带'),(3,'温带'),(4,'亚寒带'),(5,'寒带');

/*Table structure for table `geography` */

DROP TABLE IF EXISTS `geography`;

CREATE TABLE `geography` (
  `geography_id` int(4) NOT NULL COMMENT '地理id',
  `geography_name` varchar(255) COLLATE utf8_unicode_ci DEFAULT NULL COMMENT '地理位置',
  PRIMARY KEY (`geography_id`) USING BTREE
) ENGINE=InnoDB DEFAULT CHARSET=utf8 COLLATE=utf8_unicode_ci ROW_FORMAT=COMPACT;

/*Data for the table `geography` */

insert  into `geography`(`geography_id`,`geography_name`) values (1,'亚洲'),(2,'欧洲'),(3,'北美洲'),(4,'南美洲'),(5,'非洲'),(6,'大洋洲'),(7,'南极洲'),(8,'太平洋'),(9,'大西洋'),(10,'印度洋'),(11,'北冰洋');

/*Table structure for table `information` */

DROP TABLE IF EXISTS `information`;

CREATE TABLE `information` (
  `information_id` int(4) NOT NULL AUTO_INCREMENT COMMENT '动物详细信息id',
  `jie` varchar(255) COLLATE utf8_unicode_ci DEFAULT NULL COMMENT '界',
  `men` varchar(255) COLLATE utf8_unicode_ci DEFAULT NULL COMMENT '门',
  `gang` varchar(255) COLLATE utf8_unicode_ci DEFAULT NULL COMMENT '纲',
  `mu` varchar(255) COLLATE utf8_unicode_ci DEFAULT NULL COMMENT '目',
  `ke` varchar(255) COLLATE utf8_unicode_ci DEFAULT NULL COMMENT '科',
  `shu` varchar(255) COLLATE utf8_unicode_ci DEFAULT NULL COMMENT '属',
  `zhong` varchar(255) COLLATE utf8_unicode_ci DEFAULT NULL COMMENT '种',
  `geography_id` int(4) DEFAULT NULL COMMENT '地理分布id',
  PRIMARY KEY (`information_id`) USING BTREE,
  KEY `geography_id` (`geography_id`) USING BTREE,
  CONSTRAINT `information_ibfk_1` FOREIGN KEY (`geography_id`) REFERENCES `geography` (`geography_id`) ON DELETE SET NULL
) ENGINE=InnoDB AUTO_INCREMENT=56 DEFAULT CHARSET=utf8 COLLATE=utf8_unicode_ci ROW_FORMAT=COMPACT;

/*Data for the table `information` */

insert  into `information`(`information_id`,`jie`,`men`,`gang`,`mu`,`ke`,`shu`,`zhong`,`geography_id`) values (1,'界： 动物界 Animalia','门： 脊索动物门 Chordata','纲： 哺乳纲 Mammalia','目： 食肉目 Carnivora','科： 灵猫科 Viverridae','属： 熊狸属 Arctictis','种： 熊狸 A. binturong(Raffles, 1821)',1),(2,'界： 动物界 Animalia','门： 脊索动物门 Chordata','纲： 哺乳动物纲 Mammalia','目： 偶蹄目 Artiodactyla','科： 鹿科 Cervidae','属： 沼鹿属 Rucervus','种： 泽鹿 R. duvaucelii',1),(3,'界： 动物界 Animalia','门： 脊索动物门 Chordata','纲： 哺乳纲 Mammalia','目： 偶蹄目 Artiodactyla','科： 猪科 Suidae','属： 猪属 Sus','种： 野猪 S. scrofa',1),(4,'界： 动物界 Animalia','门： 脊索动物门 Chordate','纲： 哺乳纲 Mammalia','目： 食肉目 Carnivora','科： 猫科 Felidae','属： 兔狲属 Otocolobus','种： 兔狲 O. manul',1),(5,'界： 动物界 Animalia','门： 脊索动物门 Chordata','纲： 哺乳动物纲 Mammalia','目： 食肉目 Carnivora','科： 浣熊科 Procyonidae','属： 蜜熊属 Potos','种： 蜜熊 P. flavus',3),(6,'界：動物界Animalia','門：脊索動物門Chordata','綱：哺乳綱Mammalia','目：長鼻目Proboscidea','科：象科Elephantidae','属： 亚洲象属 Elephas','种： 亚洲象 E. maximus',1),(7,'界： 动物界 Animalia','门： 脊索动物门 Chordata','纲： 哺乳纲 Mammalia','目： 长鼻目 Proboscidea','科： 象科 Elephantidae','属： 亚洲象属 Elephas','种： 亚洲象 E. maximus',3),(8,'界： 动物界 Animalia','门： 脊索动物门 Chordata','纲： 哺乳纲 Mammalia','目： 鲸目 Cetacea','科： 露脊鲸科 Balaenidae','属： 真露脊鲸属 Eubalaena','种： 南露脊鲸 E. australis',1),(9,'界： 动物界 Animalia','门： 脊索动物门 Chordata','纲： 哺乳纲 Mammalia','目： 鲸目 Cetacea','科： 海豚科 Delphinidae','属： 伪虎鲸属 Pseudorca','种： 伪虎鲸 P. crassidens',1),(10,'界： 动物界 Animalia','门： 脊索动物门 Chordata','纲： 哺乳纲 Mammalia','目： 食肉目 Carnivora','科： 犬科 Canidae','属： 豺属 Cuon','种： 豺 C. alpinus',1),(11,'界： 动物界 Animalia','门： 脊索动物门 Chordata','纲： 鸟纲 Aves','目： 隼形目 Falconiformes','科： 鹰科 Accipitridae','属： 胡兀鹫属 Gypaetus','种： 胡兀鹫 G. barbatus',1),(12,'界： 动物界 Animalia','门： 脊索动物门 Chordata','纲： 鸟纲 Aves','目： 雀形目 Passeriformes','科： 细尾鹩莺科 Maluridae','属： 细尾鹩莺属 Malurus','种： 红背细尾鹩莺 M. melanocephalus',1),(13,'界： 动物界 Animalia','门： 脊索动物门 Chordata','纲： 鸟纲 Aves','目： 鹳形目 Ciconiiformes','科： 鲸头鹳科 Balaenicipitidae','属： 鲸头鹳属 Balaeniceps','种： 鲸头鹳 B. rex',5),(14,'界： 动物界 Animalia','门： 脊索动物门 Chordata','纲： 鸟纲 Aves','目： 鸡形目 Galliformes','科： 雉科 Phasianidae','属： 孔雀属 Pavo','种： 绿孔雀 P. muticus',1),(15,'界： 动物界 Animalia','门： 脊索动物门 Chordata','纲： 鸟纲 Aves','目： 雁形目 Anseriformes','科： 鸭科 Anatidae','属： 秋沙鸭属 Mergus','种： 中华秋沙鸭 M. squamatus',1),(16,'界： 动物界 Animalia','门： 脊索动物门 Chordata','纲： 鸟纲 Aves','目： 鸡形目 Galliformes','科： 雉科 Phasianidae','属： 长尾雉属 Syrmaticus','种： 黑长尾雉 S. mikado',1),(17,'界： 动物界 Animalia','门： 脊索动物门 Chordata','纲： 鸟纲 Aves','目： 鸡形目 Galliformes','科： 雉科 Phasianidae','属： 鹇属 Lophura','种： 蓝鹇 L. swinhoii',1),(18,'界： 动物界 Animalia','门： 脊索动物门 Chordata','纲： 鸟纲 Aves','目： 隼形目 Falconiformes','科： 鹰科 Accipitridae','属： 真雕属 Aquila','种： 白肩雕 A. heliaca',2),(19,'界： 动物界 Animalia','门： 脊索动物门 Chordata','纲： 鸟纲 Aves','目： 雀形目 Passeriforme','科： 鹎科 Pycnonotidae','属： 鹎属 Pycnonotus','种： 白颊鹎 P. leucogenys',3),(20,'界： 动物界 Animalia','门： 脊索动物门 Chordata','纲： 鸟纲 Aves','目： 雀形目 Passeriformes','科： 鹎科 Pycnonotidae','属： 鹎属 Pycnonotus','种： 非洲羽须鹎 P. barbatus',5),(21,'界： 动物界 Animalia','门： 脊索动物门 Chordata','纲： 辐鳍鱼纲 Actinopterygii','目： 鲈形目 Perciformes','科： 刺尾鱼科 Acanthuridae','属： 鼻鱼属 Naso','种： 突角鼻鱼 N. annulatus',8),(22,'界： 动物界 Animalia','门： 脊索动物门 Chordata','纲： 辐鳍鱼纲 Actinopterygii','目： 鲈形目 Perciformes','科： 刺尾鲷科 Siganidae','属： 栉齿刺尾鱼属 Ctenochaetus','种： 印尼栉齿刺尾鱼 C. tominiensis',9),(23,'界： 动物界 Animalia','门： 脊索动物门 Chordata','纲： 辐鳍鱼纲 Actinopterygii','目： 鲈形目 Perciformes','亚目： 刺尾鱼亚目 Acanthuridae','属： 栉齿刺尾鱼属 Ctenochaetus','种： 扁体栉齿刺尾鱼 C. strigosus',8),(24,'界： 动物界 Animalia','门： 脊索动物门 Chordata','纲： 辐鳍鱼纲 Actinopterygii','目： 鲈形目 Perciformes',' 科： 刺尾鱼科 Acanthuridae','属： 栉齿刺尾鱼属 Ctenochaetus','种： 栉齿刺尾鱼 C. striatus',10),(25,'界： 动物界 Animalia','门： 脊索动物门 Chordata','纲： 辐鳍鱼纲 Actinopterygii','目： 鲈形目 Perciformes','科： 刺尾鲷科 Siganidae','属： 栉齿刺尾鱼属 Ctenochaetus','种： 夏威夷栉齿刺尾鱼 C. hawaiiensis',11),(26,'界： 动物界 Animalia','门： 脊索动物门 Chordata','纲： 辐鳍鱼纲 Actinopterygii','目： 鲈形目 Perciforme','科： 刺尾鲷科 Siganidae','属： 栉齿刺尾鱼属 Ctenochaetus','种： 双斑栉齿刺尾鱼 C. binotatus',9),(27,'界： 动物界 Animalia','门： 脊索动物门 Chordata','纲： 辐鳍鱼纲 Actinopterygii','目： 鲈形目 Perciformes','科： 刺尾鱼科 Acanthuridae','属： 刺尾鱼属 Acanthurus','种： 黄翼刺尾鱼 A. xanthopterus',9),(28,'界： 动物界 Animalia','门： 脊索动物门 Chordata','纲： 辐鳍鱼纲 Actinopterygii','目： 鲈形目 Perciformes','科： 刺尾鱼科 Acanthuridae','属： 刺尾鱼属 Acanthurus','种： 横带刺尾鱼 A. triostegus',9),(29,'界： 动物界 Animalia','门： 脊索动物门 Chordata','纲： 辐鳍鱼纲 Actinopterygii','目： 鲈形目 Perciformes','科： 刺尾鲷科 Siganidae','属： 刺尾鱼属 Acanthurus','种： 坦氏刺尾鱼 A. tennentii',11),(30,'界： 动物界 Animalia','门： 脊索动物门 Chordata','纲： 辐鳍鱼纲 Actinopterygii','目： 鲈形目 Perciformes','科： 刺尾鲷科 Acanthuridae','属： 刺尾鱼属 Acanthurus','种： 黑鳃刺尾鱼 A. pyroferus',9),(31,'界： 动物界 Animalia','门： 脊索动物门 Chordata','纲： 两栖纲 Amphibia','目： 有尾目 Caudata','科： 钝口螈科 Ambystomatidae','属： 钝口螈属 Ambystoma','种： 环纹钝口螈 A. annulatum',3),(32,'界： 动物界 Animalia','门： 脊索动物门 Chordata','纲： 两栖纲 Amphibia','目： 有尾目 Caudata','科： 钝口螈科 Ambystomatidae','属： 钝口螈属 Ambystoma','种： 安氏钝口螈 A. andersoni',4),(33,'界： 动物界 Animalia','门： 脊索动物门 Chordata','纲： 两栖纲 Amphibia','目： 有尾目 Caudata','科： 隐鳃鲵科 Cryptobranchidae','属： 隐鳃鲵属 Cryptobranchus','种： 美洲大鲵 C. alleganiensis',5),(34,'界： 动物界 Animalia','门： 脊索动物门 Chordata','纲： 两栖纲 Amphibia','目： 有尾目 Caudata','科： 隐鳃鲵科 Cryptobranchidae','属： 大鲵属 Andrias','种： 日本大鲵 A. japonicus',1),(35,'界： 动物界 Animalia','门： 脊索动物门 Chordata','纲： 两栖纲 Amphibia','目： 无尾目 Anura','科： 箭毒蛙科 Dendrobatida','属： Ameerega','种： 阿山箭毒蛙 A.rubriventris',5),(36,'界： 动物界 Animalia','门： 脊索动物门 Chordata','纲： 两栖纲 Amphibia','目： 有尾目 Caudata','科： 钝口螈科 Ambystomatidae','属： 钝口螈属 Ambystoma','种： 网纹钝口螈 A.cingulatum',3),(37,'界： 动物界 Animalia','门： 脊索动物门 Chordata','纲： 两栖纲 Amphibia','目： 无尾目 Anura','科： 蛙科 Ranidae','属： Amietia','种： 安哥拉河蛙 A.angolensis',3),(38,'界： 动物界 Animalia','门： 脊索动物门 Chordata','纲： 两栖纲 Amphibia','目： 无尾目 Anura','科： 蟾蜍科 Bufonidae','属： 蟾蜍属 Bufo','种： 高加索蟾蜍 B.verrucosissimus',6),(39,'界： 动物界 Animalia','门： 脊索动物门 Chordata','纲： 两栖纲 Amphibia','目： 有尾目 Caudata','科： 无肺螈科 Plethodontidae','属： 泉螈属 Gyrinophilus','种： 紫莓蝾螈 G.gulolineatus',7),(40,'界： 动物界 Animalia','门： 脊索动物门 Chordata','纲： 两栖纲 Amphibia','目： 无尾目 Anura','科： 树蛙科 Rhacophoridae','属： 树蛙属 Rhacophorus','种： 安南树蛙 R.annamensi',1),(41,'界： 动物界 Animalia','门： 脊索动物门 Chordata','纲： 爬虫纲 Reptilia','目： 有鳞目 Squamata','科： 眼镜蛇科 Elapidae','属： 眼镜蛇属 Naja','种： 印度眼镜蛇 N. naja',2),(42,'界： 动物界 Animalia','门： 脊索动物门 Chordata','纲： 爬行纲 Reptilia','目： 有鳞目 Squamata','科： 游蛇科 Colubridae','属： 束带蛇属 Thamnophis','种： 西部带蛇 T. proximus',2),(43,'界： 动物界 Animalia','门： 脊索动物门 Chordata','纲： 爬行纲 Reptilia','目： 有鳞目 Squamata','科： 眼镜蛇科 Elapidae','属： 眼镜蛇属 Naja','种： 泰国眼镜蛇 N. siamensis',6),(44,'界： 动物界 Animalia','门： 脊索动物门 Chordata','纲： 爬虫纲 Reptilia','目： 有鳞目 Squamata','科： 蝰蛇科 Viperidae','属： 响尾蛇属 Crotalus','种： 木纹响尾蛇 C. horridus',3),(45,'界： 动物界 Animalia','门： 脊索动物门 Chordata','纲： 爬虫纲 Reptilia','目： 有鳞目 Squamata','科： 眼镜蛇科 Elapidae','属： 眼镜蛇属 Naja','种： 菲律宾眼镜蛇 N. philippinensis',1),(46,'界： 动物界 Animalia','门： 脊索动物门 Chordata','纲： 爬行纲 Reptilia','目： 有鳞目 Squamata','科： 鬣蜥科 Agamidae','属： Psammophilus','种： 印南鬣蜥 P. dorsalis',5),(47,'界： 动物界 Animalia','门： 脊索动物门 Chordata','纲： 爬虫纲 Reptilia','目： 有鳞目 Squamata','科： 眼镜蛇科 Elapidae','属： 眼镜蛇属 Naja','种： 黄金眼镜蛇 N. nivea',5),(48,'界： 动物界 Animalia','门： 脊索动物门 Chordata','纲： 爬虫纲 Reptilia','目： 有鳞目 Squamata','科： 眼镜蛇科 Elapidae','属： 眼镜蛇属 Naja','种： 红射毒眼镜蛇 N. pallida',5),(49,'界： 动物界 Animalia','门： 脊索动物门 Chordata','纲： 爬行纲 Reptilia','目： 有鳞目 Squamata','科： 蜥蜴科 Lacertidae','属： 壁蜥属 Podarcis','种： 斯基罗斯壁蜥 P. gaigeae',7),(50,'界： 动物界 Animalia','门： 脊索动物门 Chordata','纲： 爬行纲 Sauropsida','目： 有鳞目 Squamata','科： 美洲鬣蜥科 Iguanidae','属： 黑叩壁蜥属 Sauromalus','种： 圣埃斯特万岛黑叩壁蜥 S. varius',4),(51,'界： 动物界 Animalia','门： 节肢动物门 Arthropoda','纲： 昆虫纲 Insecta','目： 鳞翅目 Lepidoptera','科： 凤蝶科 Papilionidae','属： 凤蝶属 Papilio','种： 玉带凤蝶 P polytes',1),(52,'界： 动物界 Animalia','门： 节肢动物门 Arthropoda','纲： 昆虫纲 Insecta','目： 鳞翅目 Lepidoptera','科： 凤蝶科 Papilionidae','属： 凤蝶属 Papilio','种： 玉带凤蝶 P polytes',1),(53,NULL,NULL,NULL,NULL,NULL,NULL,NULL,NULL),(54,NULL,NULL,NULL,NULL,NULL,NULL,NULL,NULL),(55,'',NULL,NULL,NULL,NULL,NULL,NULL,NULL);

/*Table structure for table `species` */

DROP TABLE IF EXISTS `species`;

CREATE TABLE `species` (
  `species_id` int(4) NOT NULL COMMENT '种类id',
  `species_name` varchar(255) COLLATE utf8_unicode_ci DEFAULT NULL COMMENT '动物种类',
  `species_name_en` varchar(255) COLLATE utf8_unicode_ci DEFAULT NULL COMMENT '英文名',
  PRIMARY KEY (`species_id`) USING BTREE
) ENGINE=InnoDB DEFAULT CHARSET=utf8 COLLATE=utf8_unicode_ci ROW_FORMAT=COMPACT;

/*Data for the table `species` */

insert  into `species`(`species_id`,`species_name`,`species_name_en`) values (1,'哺乳动物','mammal'),(2,'鸟类','birds'),(3,'鱼类','fish'),(4,'两栖动物','amphibians'),(5,'爬行动物','reptile'),(6,'无脊椎动物','invertebrates');

/*!40101 SET SQL_MODE=@OLD_SQL_MODE */;
/*!40014 SET FOREIGN_KEY_CHECKS=@OLD_FOREIGN_KEY_CHECKS */;
/*!40014 SET UNIQUE_CHECKS=@OLD_UNIQUE_CHECKS */;
/*!40111 SET SQL_NOTES=@OLD_SQL_NOTES */;
